name,description,plaintext,tags,gold.base,gold.purchasable,gold.total,gold.sell,maps.11,maps.12,stats.FlatMovementSpeedMod,depth,stats.FlatHPPoolMod,stats.FlatCritChanceMod,stats.FlatMagicDamageMod,stats.FlatMPPoolMod,stats.FlatArmorMod,stats.FlatSpellBlockMod,effect.Effect1Amount,effect.Effect2Amount,effect.Effect3Amount,effect.Effect4Amount,stats.FlatPhysicalDamageMod,stats.PercentAttackSpeedMod,stats.PercentLifeStealMod,stats.FlatHPRegenMod,consumed,effect.Effect5Amount,hideFromAll,consumeOnFull,effect.Effect6Amount,effect.Effect7Amount,effect.Effect8Amount,stats.PercentMovementSpeedMod,effect.Effect9Amount,effect.Effect10Amount,effect.Effect11Amount,effect.Effect12Amount,effect.Effect13Amount,effect.Effect14Amount,effect.Effect15Amount,effect.Effect16Amount,effect.Effect17Amount,effect.Effect18Amount,requiredChampion
Boots,25 Move Speed,Slightly increases Move Speed,['Boots'],300,True,300,210,True,True,25.0,,,,,,,,,,,,,,,,,,,,,,,,,,,,,,,,,,
Faerie Charm,50% Base Mana Regen,Slightly increases Mana Regen,['ManaRegen'],250,True,250,175,True,True,,,,,,,,,,,,,,,,,,,,,,,,,,,,,,,,,,,
Rejuvenation Bead,100% Base Health Regen,Slightly increases Health Regen,['HealthRegen'],300,True,300,120,True,True,,,,,,,,,,,,,,,,,,,,,,,,,,,,,,,,,,,
Giant's Belt,350 Health,Greatly increases Health,['Health'],500,True,900,630,True,True,,2.0,350.0,,,,,,,,,,,,,,,,,,,,,,,,,,,,,,,,
Cloak of Agility,15% Critical Strike Chance,Increases critical strike chance,['CriticalStrike'],600,True,600,420,True,True,,,,0.15,,,,,,,,,,,,,,,,,,,,,,,,,,,,,,,
Blasting Wand,40 Ability Power,Moderately increases Ability Power,['SpellDamage'],850,True,850,595,True,True,,,,,40.0,,,,,,,,,,,,,,,,,,,,,,,,,,,,,,
Sapphire Crystal,250 Mana,Increases Mana,['Mana'],350,True,350,245,True,True,,,,,,250.0,,,,,,,,,,,,,,,,,,,,,,,,,,,,,
Ruby Crystal,150 Health,Increases Health,['Health'],400,True,400,280,True,True,,,150.0,,,,,,,,,,,,,,,,,,,,,,,,,,,,,,,,
Cloth Armor,15 Armor,Slightly increases Armor,['Armor'],300,True,300,210,True,True,,,,,,,15.0,,,,,,,,,,,,,,,,,,,,,,,,,,,,
Chain Vest,40 Armor,Greatly increases Armor,['Armor'],500,True,800,560,True,True,,2.0,,,,,40.0,,,,,,,,,,,,,,,,,,,,,,,,,,,,
Null-Magic Mantle,25 Magic Resist,Slightly increases Magic Resist,['SpellBlock'],450,True,450,315,True,True,,,,,,,,25.0,,,,,,,,,,,,,,,,,,,,,,,,,,,
Long Sword,10 Attack Damage,Slightly increases Attack Damage,"['Damage', 'Lane']",350,True,350,245,True,True,,,,,,,,,,,,,10.0,,,,,,,,,,,,,,,,,,,,,,
Pickaxe,25 Attack Damage,Moderately increases Attack Damage,['Damage'],875,True,875,613,True,True,,,,,,,,,,,,,25.0,,,,,,,,,,,,,,,,,,,,,,
B. F. Sword,40 Attack Damage,Greatly increases Attack Damage,['Damage'],1300,True,1300,910,True,True,,,,,,,,,,,,,40.0,,,,,,,,,,,,,,,,,,,,,,
Obsidian Edge,"Sear: Damaging Monsters burns them over time.Auto Path: Smiting 5 times consumes this item upgrade your Attack-Smite, increasing its damage to monsters.Huntsman: Killing Large Monsters grants bonus experience.Recoup: Regen mana when in the Jungle or River. Consuming this item grants all item effects permanently and increases Smite damage to monsters. If you have gained more gold from minions than jungle monsters, gold and experience from minions is heavily reduced. Healing is not reduced on AoE attacks. If two levels behind the average champion level of the game, monster kills grant bonus experience. ",,"['LifeSteal', 'SpellVamp', 'Jungle']",350,True,350,140,True,False,,,,,,,,,60,25,5,8,,,,,,,,,,,,,,,,,,,,,,,
Dagger,12% Attack Speed,Slightly increases Attack Speed,['AttackSpeed'],300,True,300,210,True,True,,,,,,,,,,,,,,0.12,,,,,,,,,,,,,,,,,,,,,
Recurve Bow,25% Attack SpeedSteeltipped: Attacks apply physical damage On-Hit.,Greatly increases Attack Speed,"['AttackSpeed', 'OnHit']",400,True,1000,700,True,True,,2.0,,,,,,,,,,,,0.25,,,,,,,,,,,,,,,,,,,,,
Amplifying Tome,20 Ability Power,Slightly increases Ability Power,['SpellDamage'],435,True,435,305,True,True,,,,,20.0,,,,,,,,,,,,,,,,,,,,,,,,,,,,,,
Vampiric Scepter,15 Attack Damage7% Life Steal,Basic attacks restore Health,"['Damage', 'LifeSteal']",550,True,900,630,True,True,,2.0,,,,,,,,,,,15.0,,0.07,,,,,,,,,,,,,,,,,,,,
Doran's Shield,"80 HealthFocus: Attacks deal additional damage to minions.Recovery: Restores Health over time.Endure: Restores Health after taking damage from a champion, large jungle monster, or epic jungle monster. Restoration increases when you are low Health.Endure 66% effective when owned by Ranged champions or when taking damage from area of effect or periodic damage sources.",Good defensive starting item,"['Health', 'HealthRegen', 'Lane']",450,True,450,180,True,True,,,80.0,,,,,,8,5,40,0.66,,,,1.2,,,,,,,,,,,,,,,,,,,
Doran's Blade,8 Attack Damage80 HealthWarmonger: Gain Omnivamp.Omnivamp is only 33% effective when dealing area of effect damage or damage through pets.,Good starting item for attackers,"['Health', 'Damage', 'SpellVamp', 'Lane']",450,True,450,180,True,True,,,80.0,,,,,,,,,,8.0,,,,,,,,,,,,,,,,,,,,,,
Doran's Ring,"15 Ability Power70 HealthFocus: Attacks deal additional damage to minions. Drain: Restore Mana every second. Damaging an enemy champion increases this amount. If you can't gain Mana, regenerate Health instead. ",Good starting item for casters,"['Health', 'Lane', 'ManaRegen', 'SpellDamage']",400,True,400,160,True,True,,,70.0,,15.0,,,,,,,,,,,,,,,,,,,,,,,,,,,,,,
Negatron Cloak,50 Magic Resist,Moderately increases Magic Resist,['SpellBlock'],450,True,900,630,True,True,,2.0,,,,,,50.0,,,,,,,,,,,,,,,,,,,,,,,,,,,
Needlessly Large Rod,60 Ability Power,Greatly increases Ability Power,['SpellDamage'],1250,True,1250,875,True,True,,,,,60.0,,,,,,,,,,,,,,,,,,,,,,,,,,,,,,
Dark Seal,15 Ability Power40 HealthGlory: Gain 2 stacks for a champion kill or 1 stack for an assist (up to 10 stacks total). Lose 5 stacks on death.Dread: Grants 4 Ability Power per stack of Glory.Obtained Glory stacks are preserved between this item and Mejai's Soulstealer.,Provides Ability Power and Mana.  Increases in power as you kill enemies.,"['Health', 'SpellDamage', 'Lane']",350,True,350,140,True,False,,,40.0,,15.0,,,,,,,,,,,,,,,,,,,,,,,,,,,,,,
Cull,7 Attack DamageAttacks restore Health per hit.Reap: Killing a lane minion grants 1 additional gold. Killing 100 lane minions grants an additional 350 bonus gold immediately and disables Reap.,Provides damage and Life Steal on hit - Killing minions grant bonus Gold,"['Damage', 'LifeSteal', 'Lane']",450,True,450,180,True,False,,,,,,,,,,,,,7.0,,,,,,,,,,,,,,,,,,,,,,
Scorchclaw Pup,Jungle Companions: Summon an Scorchclaw to assist you in the jungle.Scorchclaw's Slash: When fully grown your companion periodically imbues your next damaging effect to Slow and damage enemy champions.,,"['LifeSteal', 'SpellVamp', 'Jungle']",450,True,450,180,True,False,,,,,,,,,60,25,5,8,,,,,,,,,,,,,,,,,,,,,,,
Gustwalker Hatchling,Jungle Companions: Summon a Gustwalker to assist you while in the jungle.Gustwalker's Gait: When fully grown your companion grants Move Speed after entering brush or killing monsters.,,"['LifeSteal', 'SpellVamp', 'Jungle']",450,True,450,180,True,False,,,,,,,,,60,25,5,8,,,,,,,,,,,,,,,,,,,,,,,
Mosstomper Seedling,Jungle Companions: Summon a Mosstomper to assist you while in the jungle. Mosstomper's Courage: When fully grown your companion grants a permanent shield that regenerates either after killing monsters or out of combat. While the shield holds gain 20% Tenacity and Slow Resist.,,"['LifeSteal', 'SpellVamp', 'Jungle']",450,True,450,180,True,False,,,,,,,,,60,25,5,8,,,,,,,,,,,,,,,,,,,,,,,
Health Potion,Active - Consume: Drink the potion to restore 120 Health over 15 seconds.You may carry up to 5 Health Potions.,Consume to restore Health over time,"['HealthRegen', 'Consumable', 'Lane', 'Jungle']",50,True,50,20,True,True,,,,,,,,,,,,,,,,,True,,,,,,,,,,,,,,,,,,
Kircheis Shard,15% Attack SpeedEnergized: Moving and Attacking will generate an Energized Attack.Jolt: Energized Attacks gain additional magic damage.,Attack speed and a chargable magic hit,['AttackSpeed'],400,True,700,490,True,True,,2.0,,,,,,,,,,,,0.15,,,,,,,,,,,,,,,,,,,,,
Refillable Potion,Active - Consume: Consumes a charge to restore 100 Health over 12 seconds. Holds up to 2 charges and refills upon visiting the shop.,Restores Health over time. Refills at shop.,"['HealthRegen', 'Consumable', 'Active', 'Lane', 'Jungle']",150,True,150,60,True,True,,,,,,,,,,,,,,,,,,,,,,,,,,,,,,,,,,,
Corrupting Potion,"Active - Consume: Consumes a charge to restore 100 Health and 75 Mana over 12 seconds. During this time, damaging Abilities and Attacks burn enemy champions for 15 (20 if you cannot gain Mana) magic damage over 3 seconds. Holds up to 3 charges and refills upon visiting the shop.Corrupting damage is reduced to 50% when triggered by area of effect or periodic damage.",Restores Health and Mana over time and boosts combat power - Refills at Shop,"['Active', 'Consumable', 'HealthRegen', 'Lane', 'ManaRegen']",350,True,500,200,True,True,,2.0,,,,,,,,,,,,,,,,,,,,,,,,,,,,,,,,,
Guardian's Horn,150 HealthRecovery: Restores Health over time.Undaunted: Blocks damage from attacks and spells from champions.Legendary: This item counts as a Legendary item.,Good starting item for tanks,"['Health', 'HealthRegen', 'Lane']",950,True,950,665,False,True,,,150.0,,,,,,15,0.25,,,,,,4.0,,,,,,,,,,,,,,,,,,,
Control Ward,"Active - Consume: Places a powerful Control Ward that grants vision of the surrounding area. This device will also reveal Invisible traps, reveal Camouflaged enemies, and reveal (and disable) enemy Stealth Wards. You may carry up to 2 Control Wards. Control Wards do not disable other Control Wards.",Used to disable wards and invisible traps in an area.,"['Consumable', 'Lane', 'Stealth', 'Vision']",75,True,75,30,True,False,,,,,,,,,1,2,,,,,,,True,,,True,,,,,,,,,,,,,,,
Shurelya's Battlesong,40 Ability Power200 Health20 Ability Haste100% Base Mana RegenActive - Inspire: Grants nearby allies Move Speed.Motivate: Empowering or Protecting another ally Champion grants both allies Move Speed.Mythic Passive: Grants all other Legendary items Ability Haste.,Activate to speed up nearby allies.,"['Health', 'SpellDamage', 'ManaRegen', 'Active', 'CooldownReduction', 'NonbootsMovement', 'AbilityHaste']",750,True,2500,1750,True,True,,3.0,200.0,,40.0,,,,,,,,,,,,,,,,,,,,,,,,,,,,,,
Elixir of Iron,"Active - Consume: Drink to gain 300 Health, 25% Tenacity, and increased champion size for 3 minutes. While active, moving leaves a path behind that boosts allied champions' Move Speed by 15%.Drinking a different Elixir will replace the existing one's effects.",Temporarily increases defenses. Leaves a trail for allies to follow.,"['Health', 'Consumable', 'NonbootsMovement', 'Tenacity']",500,True,500,200,True,True,,,,,,,,,300,0.25,3,0.15,,,,,True,0.15,,True,0,0,9,,,,,,,,,,,,
Elixir of Sorcery,"Active - Consume: Drink to gain 50 Ability Power and 15% Mana Regen for 3 minutes. While active, damaging a champion or turret deals 25 bonus true damage (5s cooldown).Champion level 9 or greater required to purchase. Elixir of Sorcery's true damage effect has no cooldown when attacking turrets. Drinking a different Elixir will replace the existing one's effects.",Temporarily grants Ability Power and Bonus Damage to champions and turrets.,"['Consumable', 'ManaRegen', 'SpellDamage']",500,True,500,200,True,True,,,,,,,,,50,50,25,3,,,,,True,5,,True,3,0,9,,,,,,,,,,,,
Elixir of Wrath,Active - Consume: Drink to gain 30 Attack Damage and 12% Physical Vamp (against champions) for 3 minutes.Drinking a different Elixir will replace the existing one's effects.,Temporarily grants Attack Damage and heals you when dealing physical damage to champions.,"['Consumable', 'Damage', 'LifeSteal', 'SpellVamp']",500,True,500,200,True,True,,,,,,,,,30,30,0.12,3,,,,,True,0,,True,0,0,9,,,,,,,,,,,,
Stopwatch,"Active - Stasis: Use one time only to become Invulnerable and Untargetable for 2.5 seconds, but are prevented from taking any other actions during this time (transforms into a Broken Stopwatch).",Activate to become invincible but unable to take actions,['Active'],750,True,750,300,True,True,,,,,,,,,0,2.5,,,,,,,,,,,,,,,,,,,,,,,,,
Broken Stopwatch,"Shattered Time: Stopwatch is broken, but can still be upgraded.After breaking one Stopwatch, the shopkeeper will only sell you Broken Stopwatches.",Upgrades to stopwatch,[],750,True,750,300,True,True,,,,,,,,,0,0,0,0,,,,,,300,True,,,,,,,,,,,,,,,,
Evenshroud,"200 Health20 Ability Haste30 Armor30 Magic ResistCoruscation: After Immobilizing champions or being Immobilized, cause that target and all nearby enemy Champions to take increased damage.Mythic Passive: Grants all other Legendary items  Armor and Magic Resist",Nearby enemies take more magic damage,"['Health', 'SpellBlock', 'Armor', 'AbilityHaste']",500,True,2500,1750,True,True,,3.0,200.0,,,,30.0,30.0,,,,,,,,,,,,,,,,,,,,,,,,,,,
Archangel's Staff,"60 Ability Power500 Mana200 HealthAwe: Gain Ability Haste equal to bonus Mana.Mana Charge: Strike a target with an Ability to consume a charge and gain 3 bonus Mana, doubled if the target is a champion. Grants a maximum of 360 Mana at which point this item transforms into Seraph's Embrace.Gain a new Mana Charge every 8 seconds (max 4).",Increases Ability Power based on maximum Mana,"['Health', 'SpellDamage', 'Mana', 'Active', 'AbilityHaste']",550,True,2600,1820,True,True,,3.0,200.0,,60.0,500.0,,,,,,,,,,,,,,,,,,,,,,,,,,,,,
Manamune,"35 Attack Damage500 Mana15 Ability HasteAwe: Gain bonus Attack Damage equal to your max Mana. Mana Charge: Strike a target with an Ability or Attack to consume a charge and gain 3 bonus Mana, doubled if the target is a champion. Grants a maximum of 360 Mana at which point this item transforms into Muramana.Gain a new Mana Charge every 8 seconds (max 4).",Increases Attack Damage based on maximum Mana,"['Damage', 'Mana', 'CooldownReduction', 'OnHit', 'AbilityHaste']",1050,True,2900,2030,True,True,,3.0,,,,500.0,,,,,,,35.0,,,,,,,,,,,,,,,,,,,,,,
Berserker's Greaves,35% Attack Speed45 Move Speed,Enhances Move Speed and Attack Speed,"['AttackSpeed', 'Boots']",500,True,1100,770,True,True,45.0,2.0,,,,,,,,,,,,0.35,,,,,,,,,,,,,,,,,,,,,
Boots of Swiftness,60 Move SpeedThe strength of movement slowing effects is reduced by 25%.,Enhances Move Speed and reduces the effect of slows,['Boots'],600,True,900,630,True,True,60.0,2.0,,,,,,,0.25,,,,,,,,,,,,,,,,,,,,,,,,,,
Chemtech Putrifier,"60 Ability Power20 Ability Haste100% Base Mana RegenPuffcap Toxin: Dealing magic damage applies 25% Grievous Wounds to champions for 3 seconds. Healing or shielding another ally will enhance both of you, causing the next damage to enemy champions to apply 40% Grievous Wounds.Grievous Wounds reduces the effectiveness of Healing and Regeneration effects.",,"['SpellDamage', 'ManaRegen', 'CooldownReduction', 'AbilityHaste']",550,True,2300,1610,True,True,,3.0,,,60.0,,,,,,,,,,,,,,,,,,,,,,,,,,,,,,
Sorcerer's Shoes,18 Magic Penetration45 Move Speed,Enhances Move Speed and magic damage,"['Boots', 'MagicPenetration']",800,True,1100,770,True,True,45.0,2.0,,,,,,,18,,,,,,,,,,,,,,,,,,,,,,,,,,
Glacial Buckler,20 Armor250 Mana10 Ability Haste,Increases Armor and Cooldown Reduction,"['Armor', 'Mana', 'CooldownReduction', 'AbilityHaste']",250,True,900,630,True,True,,2.0,,,,250.0,20.0,,,,,,,,,,,,,,,,,,,,,,,,,,,,
Guardian Angel,"45 Attack Damage40 ArmorSaving Grace: Upon taking lethal damage, restores 50% base Health and 30% max Mana after 4 seconds of stasis (300s cooldown).",Periodically revives champion upon death,"['Armor', 'Damage']",150,True,3000,1200,True,False,,3.0,,,,,40.0,,0.5,4,300,0.3,45.0,,,,,,,,,,,,,,,,,,,,,,
Infinity Edge,"70 Attack Damage20% Critical Strike ChancePerfection: If you have at least 60% Critical Strike Chance, gain35% Critical Strike Damage.",Massively enhances critical strikes,"['CriticalStrike', 'Damage']",625,True,3400,2380,True,True,,2.0,,0.2,,,,,,,,,70.0,,,,,,,,,,,,,,,,,,,,,,
Mortal Reminder,35 Attack Damage20% Attack Speed20% Critical Strike Chance7% Move SpeedSepsis: Dealing physical damage applies 25% Grievous Wounds to enemy champions for 3 seconds. Consecutive attacks to that enemy enhances this effect to 40% Grievous Wounds against them until the effect is allowed to elapse.Grievous Wounds reduces the effectiveness of Healing and Regeneration effects.,Overcomes enemies with high Health recovery and Armor,"['Damage', 'CriticalStrike', 'AttackSpeed', 'NonbootsMovement']",750,True,2600,1820,True,True,,3.0,,0.2,,,,,,,,,35.0,0.2,,,,,,,,,,0.07,,,,,,,,,,,
Last Whisper,20 Attack Damage18% Armor Penetration,Overcomes enemies with high Armor,"['ArmorPenetration', 'Damage']",750,True,1450,1015,True,True,,2.0,,,,,,,,,,,20.0,,,,,,,,,,,,,,,,,,,,,,
Lord Dominik's Regards,30 Attack Damage20% Critical Strike Chance30% Armor PenetrationGiant Slayer: Deal bonus physical damage against champions with greater max Health than you.,Overcomes enemies with high health and armor,"['Damage', 'CriticalStrike', 'ArmorPenetration']",950,True,3000,2100,True,True,,3.0,,0.2,,,,,0.2,,,,30.0,,,,,,,,,,,,,,,,,,,,,,
Mejai's Soulstealer,20 Ability Power100 HealthGlory: Gain 4 stacks for a champion kill or 2 stacks for an assist (up to 25 stacks total). Lose 10 stacks on death.Dread: Grants 5 Ability Power per stack of Glory. Gain 10% Move Speed if you have at least 10 stacks.Obtained Glory stacks are preserved between this item and Dark Seal.,Grants Ability Power for kills and assists,"['Health', 'SpellDamage', 'NonbootsMovement']",1250,True,1600,1120,True,False,,2.0,100.0,,20.0,,,,,,,,,,,,,,,,,,,,,,,,,,,,,,
Phage,"15 Attack Damage200 HealthSturdy: After you deal physical damage to a champion, restore Health over time.Restoration reduced for Ranged users.",Attacks and kills give a small burst of speed,"['Health', 'HealthRegen', 'Damage']",350,True,1100,770,True,True,,2.0,200.0,,,,,,20,2,60,0,15.0,,,,,0,,,0,0,8,,,,,,,,,,,,
Phantom Dancer,"20 Attack Damage25% Attack Speed20% Critical Strike Chance7% Move SpeedSpectral Waltz: Attacks grant Ghosting and stacking increased Move Speed. In addition, Attacking 4 times causes Spectral Waltz to also grant Attack Speed.Ghosted units ignore collision with other units.",Move faster while attacking enemies and gain a shield when on low health.,"['Damage', 'CriticalStrike', 'AttackSpeed', 'NonbootsMovement']",850,True,2600,1820,True,True,,3.0,,0.2,,,,,0.24,10,550,0.1,20.0,0.25,,,,0.3,,,2.5,90,240,0.07,600,40,5,0.3,0.7,3,300,1,0.4,9,
Plated Steelcaps,20 Armor45 Move SpeedReduces incoming damage from Attacks by 12%.,Enhances Move Speed and reduces incoming basic attack damage,"['Armor', 'Boots']",500,True,1100,770,True,True,45.0,2.0,,,,,20.0,,0.12,,,,,,,,,,,,,,,,,,,,,,,,,,
Zeke's Convergence,"250 Health35 Armor250 Mana20 Ability HasteActive - Conduit: Designate an Accomplice.Convergence: After you Immobilize an enemy, your Accomplice's Attacks and Ability hits apply additional damage to that enemy.Champions can only be linked by one Zeke's Convergence at a time.",Grants you and your ally bonuses when you cast your ultimate.,"['Health', 'Armor', 'Mana', 'Active', 'CooldownReduction', 'OnHit', 'AbilityHaste']",700,True,2400,1680,True,True,,3.0,250.0,,,250.0,35.0,,,,,,,,,,,,,,,,,,,,,,,,,,,,
Hearthbound Axe,15 Attack Damage15% Attack SpeedNimble: Attacking a unit grants Move Speed.,,"['Damage', 'AttackSpeed', 'NonbootsMovement']",350,True,1000,700,True,True,,2.0,,,,,,,20,2,60,,15.0,0.15,,,,,,,,,,,,,,,,,,,,,
Sterak's Gage,"400 HealthThe Claws that Catch: Gain base AD as bonus Attack Damage.Lifeline: Upon taking damage that would reduce your Health below 30%, gain a Shield, decaying over time.",Shields against large bursts of damage,"['Health', 'Damage']",725,True,3100,2170,True,True,,3.0,400.0,,,,,,,,,,,,,,,,,,,,,,,,,,,,,,,,
Sheen,"Spellblade: After using an Ability, your next Attack is enhanced with additional damage.",Grants a bonus to next attack after spell cast,['OnHit'],700,True,700,490,True,True,,,,,,,,,,,,,,,,,,,,,,,,,,,,,,,,,,,
Spirit Visage,450 Health50 Magic Resist10 Ability Haste100% Base Health RegenBoundless Vitality: Increases all Healing and Shielding effectiveness on you.,Increases Health and healing effects,"['Health', 'SpellBlock', 'HealthRegen', 'CooldownReduction', 'AbilityHaste']",850,True,2900,2030,True,True,,3.0,450.0,,,,,50.0,,,,,,,,,,,,,,,,,,,,,,,,,,,
Winged Moonplate,150 HealthFlight: Grants 5% Move Speed.,,"['Health', 'NonbootsMovement']",400,True,800,560,True,True,,2.0,150.0,,,,,,,,,,,,,,,,,,,,,,,,,,,,,,,,
Kindlegem,200 Health10 Ability Haste,Increases Health and Cooldown Reduction,"['Health', 'CooldownReduction', 'AbilityHaste']",400,True,800,560,True,True,,2.0,200.0,,,,,,,,,,,,,,,,,,,,,,,,,,,,,,,,
Sunfire Aegis,"500 Health50 ArmorImmolate: Taking or dealing damage causes you to begin dealing  (15 + 1.75% bonus Health) magic damage per second to nearby enemies (increased by 25% against minions) for 3 seconds. Damaging Champions or Epic Monsters with this effect adds a stack, increasing subsequent Immolate damage by 10% for 5 seconds (max stacks 6).",High armor. Constantly deals damage to nearby enemies. Immobilize enemies to release a wave of damaging flame,"['Health', 'Armor', 'Aura']",900,True,2700,1890,True,True,,3.0,500.0,,,,50.0,,,,,,,,,,,,,,,,,,,,,,,,,,,,
Tear of the Goddess,"240 ManaFocus: Attacks deal additional physical damage to Minions.Mana Charge: Strike a target with an Ability to consume a charge and gain 3 bonus Mana, doubled if the target is a champion. Grants a maximum of 360 Mana.Gain a new Mana Charge every 8 seconds (max 4).",Increases maximum Mana as Mana is spent,"['Mana', 'ManaRegen']",400,True,400,280,True,True,,,,,,240.0,,,,,,,,,,,,,,,,,,,,,,,,,,,,,
Black Cleaver,45 Attack Damage350 Health30 Ability HasteCarve: Dealing physical damage to a champion applies a stack of Armor reduction.Rage: Dealing physical damage to a champion grants Move Speed per stack of Carve on them.,Dealing physical damage to enemy champions reduces their Armor,"['Health', 'Damage', 'CooldownReduction', 'OnHit', 'NonbootsMovement', 'ArmorPenetration', 'AbilityHaste']",850,True,3100,2170,True,True,,3.0,350.0,,,,,,-0.2,0.05,6,6,45.0,,,,,0.3,,,0,0,0,,0,0.01,,,,,,,,,
Bloodthirster,55 Attack Damage20% Critical Strike Chance18% Life StealIchorshield: Life Steal from Attacks can now overheal you. Excess Health is stored as a Shield that decays slowly if you haven't dealt or taken damage.,"Grants Attack Damage, Life Steal and Life Steal now overheals","['Damage', 'CriticalStrike', 'LifeSteal']",600,True,3400,2380,True,True,,3.0,,0.2,,,,,,,,,55.0,,0.18,,,,,,,,,,,,,,,,,,,,
Ravenous Hydra,"65 Attack Damage20 Ability Haste10% OmnivampCleave: Attacks and Abilities deal physical damage to other nearby enemies.Carnivorous: Gain AD whenever you kill a minion and 2 times that amount when you kill a Champion, Large Monster, or Siege Minion. Lose 50% of your stacks on death.","Melee attacks hit nearby enemies, dealing damage and restoring Health","['Damage', 'LifeSteal', 'CooldownReduction', 'SpellVamp', 'AbilityHaste']",200,True,3400,2380,True,True,,3.0,,,,,,,,,,,65.0,,,,,,,,,,,,,,,,,,,,,,
Thornmail,"350 Health60 ArmorThorns: When struck by an Attack, deal damage to the attacker and apply 25% Grievous Wounds if they are a champion. Immobilizing enemy champions also applies 40% Grievous Wounds.Grievous Wounds reduces the effectiveness of Healing and Regeneration effects.",,"['Health', 'Armor']",1000,True,2700,1890,True,True,,3.0,350.0,,,,60.0,,,,,,,,,,,,,,,,,,,,,,,,,,,,
Bramble Vest,"30 ArmorThorns: When struck by an Attack, deal damage to the attacker and apply 25% Grievous Wounds if they are a champion.Grievous Wounds reduces the effectiveness of Healing and Regeneration effects.",,['Armor'],200,True,800,560,True,True,,2.0,,,,,30.0,,,,,,,,,,,,,,,,,,,,,,,,,,,,
Tiamat,25 Attack DamageCleave: Attacks deal physical damage to other nearby enemies. Cleave does not trigger on structures.Item performance differs for melee and ranged users.,Melee attacks hit nearby enemies,['Damage'],325,True,1200,840,True,True,,2.0,,,,,,,0.2,0.6,,,25.0,,,,,,,,,,,,,,,,,,,,,,
Trinity Force,"35 Attack Damage30% Attack Speed300 Health20 Ability HasteThreefold Strike: Attacks grant Move Speed. If the target is a champion, increase your base Attack Damage, stacking.Spellblade: After using an Ability, your next Attack is enhanced with additional damage.Mythic Passive: Grants all other Legendary items Attack Damage, Ability Haste, and Move Speed.",Tons of Damage,"['Health', 'Damage', 'AttackSpeed', 'CooldownReduction', 'OnHit', 'NonbootsMovement', 'AbilityHaste']",833,True,3333,2333,True,True,,3.0,300.0,,,,,,25,60,2,1.5,35.0,0.3,,,,1.5,,,,,,,,,,,,,,,,,
Warden's Mail,40 ArmorRock Solid: Reduce incoming damage from Attacks.,,['Armor'],400,True,1000,700,True,True,,2.0,,,,,40.0,,,,,,,,,,,,,,,,,,,,,,,,,,,,
Warmog's Armor,"800 Health10 Ability Haste200% Base Health RegenWarmog's Heart: If you have at least 1100 bonus Health, restore max Health per second if damage hasn't been taken within 6 seconds.",Grants massive Health and Health Regen,"['Health', 'HealthRegen', 'CooldownReduction', 'AbilityHaste']",500,True,3000,2100,True,True,,3.0,800.0,,,,,,,,,,,,,,,,,,,,,,,,,,,,,,,,
Heartsteel,"800 Health200% Base Health Regen20 Ability HasteColossal Consumption: Charge up a powerful attack against a champion over 3s while within 700 range of them. The charged attack deals 125 + 6% of your max Health as bonus physical damage, and grants you 10% of that amount as permanent max Health. (30s) cooldown per target.Mythic Passive: Grants all other Legendary items 1% Increased Health & 6% Champion Size.",Restores Health on kill or assist,"['Health', 'HealthRegen', 'CooldownReduction', 'AbilityHaste']",700,True,3200,2240,True,True,,3.0,800.0,,,,,,,,,,,,,,,,,,,,,,,,,,,,,,,,
Runaan's Hurricane,"45% Attack Speed20% Critical Strike Chance7% Move SpeedWind's Fury: When Attacking, bolts are fired at up to 2 enemies near the target. Bolts apply On-Hit effects and can Critically Strike.Item is for Ranged champions only.",Ranged attacks fire two bolts at nearby enemies,"['CriticalStrike', 'AttackSpeed', 'OnHit', 'NonbootsMovement']",950,True,2600,1820,True,True,,3.0,,0.2,,,,,0,40,2,0,,0.45,,,,40,,,1,,,0.07,,,,,,,,,,,
Zeal,18% Attack Speed15% Critical Strike ChanceZealous: Gain 7% Move Speed.,"Slight bonuses to Critical Strike Chance, Move Speed and Attack Speed","['AttackSpeed', 'CriticalStrike', 'NonbootsMovement']",150,True,1050,735,True,True,,2.0,,0.15,,,,,0.07,,,,,0.18,,,,,,,,,,,,,,,,,,,,,
Rabadon's Deathcap,120 Ability PowerMagical Opus: Increases your total Ability Power by 35%.,Massively increases Ability Power,['SpellDamage'],1100,True,3600,2520,True,True,,2.0,,,120.0,,,,,,,,,,,,,,,,,,,,,,,,,,,,,,
Wit's End,40 Attack Damage40% Attack Speed40 Magic ResistFray: Attacks apply magic damage On-Hit and grant Move Speed.,Resist magic damage and claw your way back to life.,"['SpellBlock', 'Damage', 'AttackSpeed', 'OnHit', 'NonbootsMovement']",775,True,3100,2170,True,True,,3.0,,,,,,40.0,,,,,40.0,0.4,,,,,,,,,,,,,,,,,,,,,
Rapid Firecannon,"35% Attack Speed20% Critical Strike Chance7% Move SpeedEnergized: Moving and Attacking will generate an Energized Attack.Sharpshooter: Your Energized Attack applies bonus damage. In addition, Energized attacks gain Attack Range.Attack Range cannot increase more than 150 units.",Movement builds charges that release a sieging fire attack on release,"['CriticalStrike', 'AttackSpeed', 'NonbootsMovement']",750,True,2500,1750,True,True,,3.0,,0.2,,,,,,,,,,0.35,,,,,,,,,,0.07,,,,,,,,,,,
Stormrazor,"40 Attack Damage15% Attack Speed20% Critical Strike ChanceEnergized: Moving and Attacking will generate an Energized Attack.Paralyze: Your Energized Attack gains bonus magic damage. In addition, Energized Attacks slow enemies.",Tremendously empower other Energized effects.,"['Damage', 'CriticalStrike', 'AttackSpeed', 'Slow']",100,True,2700,1890,True,True,,3.0,,0.2,,,,,120,120,5,0.35,40.0,0.15,,,,0.75,,,0.5,,,,,,,,,,,,,,
Lich Bane,"75 Ability Power15 Ability Haste8% Move SpeedSpellblade: After using an Ability, your next Attack is enhanced with additional magic damage.",Grants a bonus to next attack after spell cast,"['SpellDamage', 'OnHit', 'NonbootsMovement', 'AbilityHaste']",550,True,3000,2100,True,True,,3.0,,,75.0,,,,,,,,,,,,,,,,,,,0.08,,,,,,,,,,,
Banshee's Veil,80 Ability Power45 Magic Resist10 Ability HasteAnnul: Grants a Spell Shield that blocks the next enemy Ability.Item cooldown is restarted if you take damage from champions before it is completed.,Periodically blocks enemy abilities,"['SpellBlock', 'SpellDamage', 'CooldownReduction', 'AbilityHaste']",700,True,2600,1820,True,True,,3.0,,,80.0,,,45.0,40,45,10,-0.1,,,,,,8,,,2,,,,,,,,,,,,,,
Aegis of the Legion,30 Armor30 Magic Resist10 Ability Haste,Grants Armor and Magic Resistance,"['SpellBlock', 'Armor', 'CooldownReduction', 'AbilityHaste']",450,True,1200,840,True,True,,2.0,,,,,30.0,30.0,,,,,,,,,,,,,,,,,,,,,,,,,,,
Redemption,"16% Heal and Shield Power200 Health15 Ability Haste100% Base Mana RegenActive - Intervention: Target an area within. After 2.5 seconds, call down a beam of light to restore Health to allies and damage enemy champions.Item can be activated whilst dead. Damage and healing reduced by 50% if the target has recently been affected by another Intervention. Strength of level-scaling effects are based on the ally's level.",Activate to heal allies and damage enemies in an area,"['Health', 'ManaRegen', 'CooldownReduction', 'AbilityHaste']",700,True,2300,1610,True,True,,3.0,200.0,,,,,,,,,,,,,,,,,,,,,,,,,,,,,,,,
Fiendish Codex,35 Ability Power10 Ability Haste,Increases Ability Power and Cooldown Reduction,"['SpellDamage', 'CooldownReduction', 'AbilityHaste']",465,True,900,630,True,True,,2.0,,,35.0,,,,-0.1,,,,,,,,,,,,,,,,,,,,,,,,,,
Knight's Vow,"400 Health20 Ability Haste200% Base Health RegenActive - Pledge: Designate an ally who is Worthy..Sacrifice: While your Worthy ally is nearby, redirect damage they take to you and heal based on the damage dealt by your Worthy ally to Champions.",Partner with an ally to protect each other,"['Health', 'Armor', 'Aura', 'Active', 'CooldownReduction', 'NonbootsMovement', 'AbilityHaste']",400,True,2300,1610,True,True,,3.0,400.0,,,,,,,,,,,,,,,,,,,,,,,,,,,,,,,,
Frozen Heart,90 Armor400 Mana20 Ability HasteWinter's Caress: Reduces the Attack Speed of nearby enemies.Rock Solid: Reduce incoming damage from Attacks.,Massively increases Armor and slows enemy basic attacks,"['Armor', 'Mana', 'Aura', 'CooldownReduction', 'AbilityHaste']",800,True,2700,1890,True,True,,3.0,,,,400.0,90.0,,,,,,,,,,,,,,,,,,,,,,,,,,,,
Mercury's Treads,"25 Magic Resist45 Move Speed30% TenacityTenacity reduces the duration of Stun, Slow, Taunt, Fear, Silence, Blind, Polymorph and Immobilizing effects. It has no effect on Airborne or Suppression.",Increases Move Speed and reduces duration of disabling effects,"['Boots', 'SpellBlock', 'Tenacity']",350,True,1100,770,True,True,45.0,2.0,,,,,,25.0,,,,,,,,,,,,,,,,,,,,,,,,,,,
Guardian's Orb,"50 Ability Power150 HealthRecovery: Restores Mana over time. If you can't gain mana, restores Health instead.Legendary: This item counts as a Legendary item.",Good starting item for mages,"['Health', 'SpellDamage', 'ManaRegen', 'Lane']",950,True,950,665,False,True,,,150.0,,50.0,,,,3,,,,,,,,,,,,,,,,,,,,,,,,,,
Aether Wisp,30 Ability PowerGlide: Gain 5% Move Speed.,Increases Ability Power and Move Speed,"['NonbootsMovement', 'SpellDamage']",415,True,850,595,True,True,,2.0,,,30.0,,,,,,,,,,,,,,,,,,,,,,,,,,,,,,
Forbidden Idol,50% Base Mana Regen8% Heal and Shield Power,"Increases Heal and Shield Power, Mana Regeneration, and Cooldown Reduction",['ManaRegen'],550,True,800,560,True,True,,2.0,,,,,,,,,,,,,,,,,,,,,,,,,,,,,,,,,
Nashor's Tooth,100 Ability Power50% Attack SpeedIcathian Bite: Attacks apply magic damage On-Hit.,"Increases Attack Speed, Ability Power, and Cooldown Reduction","['AttackSpeed', 'SpellDamage', 'OnHit']",715,True,3000,2100,True,True,,3.0,,,100.0,,,,,,,,,0.5,,,,,,,,,,,,,,,,,,,,,
Rylai's Crystal Scepter,75 Ability Power400 HealthRimefrost: Damaging Abilities Slow enemies.,Abilities slow enemies,"['Health', 'SpellDamage', 'Slow']",415,True,2600,1820,True,True,,3.0,400.0,,75.0,,,,-0.3,-0.3,-0.3,1,,,,,,1,,,1,,,,,,,,,,,,,,
Mobility Boots,"25 Move Speed When out of combat for at least 5 seconds, increase this item's effect to 115.",Greatly enhances Move Speed when out of combat,['Boots'],700,True,1000,700,True,True,115.0,2.0,,,,,,,0,0,0,0,,,,,,0,,,0,0,25,,,,,,,,,,,,
Winter's Approach,"350 Health500 Mana15 Ability HasteAwe: Gain bonus Health equal to Total Mana.Mana Charge: Strike a target with an Ability or Attack to consume a charge and gain 3 bonus Mana, doubled if the target is a champion. Grants a maximum of 360 Mana at which point this item transforms into Fimbulwinter.Gain a new Mana Charge every 8 seconds (max 4).",,"['Health', 'Mana', 'AbilityHaste']",1100,True,2700,1890,True,True,,3.0,350.0,,,500.0,,,,,,,,,,,,,,,,,,,,,,,,,,,,,
Executioner's Calling,20 Attack DamageRend: Dealing physical damage applies 25% Grievous Wounds to champions for 3 seconds. Grievous Wounds reduces the effectiveness of Healing and Regeneration effects.,Overcomes enemies with high health gain,['Damage'],450,True,800,560,True,True,,2.0,,,,,,,3,,,,20.0,,,,,,,,,,,,,,,,,,,,,,
Guinsoo's Rageblade,45% Attack Speed20% Critical Strike ChanceWrath: Your Critical Strike Chance is converted into On-Hit damage. Gain 40 On-Hit for each 20% Critical Strike Chance converted.Seething Strike: Every third Attack applies your On-Hit effects twice.Wrath cannot benefit from more than 100% Critical Strike Chance. Wrath's On-Hit damage conversion is affected by Critical Strike damage modifiers. ,,"['CriticalStrike', 'AttackSpeed', 'OnHit']",900,True,2600,1820,True,True,,3.0,,0.2,,,,,0.08,2.5,2.5,5,,0.45,,,,6,,,0.1,0.1,15,,1,3,0,0,3,,,,,,
Caulfield's Warhammer,25 Attack Damage10 Ability Haste,Attack Damage and Cooldown Reduction,"['Damage', 'CooldownReduction', 'AbilityHaste']",400,True,1100,770,True,True,,2.0,,,,,,,,,,,25.0,,,,,,,,,,,,,,,,,,,,,,
Serrated Dirk,30 Attack DamageGouge: Gain 10 Lethality.,Increases Attack Damage and Lethality,"['Damage', 'ArmorPenetration']",400,True,1100,770,True,True,,2.0,,,,,,,10,,,,30.0,,,,,,,,,,,,,,,,,,,,,,
Void Staff,65 Ability Power40% Magic Penetration,Increases magic damage,"['MagicPenetration', 'SpellDamage']",700,True,2800,1960,True,True,,3.0,,,65.0,,,,,,,,,,,,,,,,,,,,,,,,,,,,,,
Mercurial Scimitar,40 Attack Damage20% Critical Strike Chance40 Magic ResistActive - Quicksilver: Remove all crowd control debuffs and gain Move Speed.,Activate to remove all crowd control debuffs and grant massive Move Speed,"['SpellBlock', 'Damage', 'CriticalStrike', 'Active', 'NonbootsMovement', 'Tenacity']",225,True,3000,2100,True,True,,3.0,,0.2,,,,40.0,0.5,1.5,90,,40.0,,,,,,,,,,,,,,,,,,,,,,
Quicksilver Sash,30 Magic ResistActive - Quicksilver: Removes all crowd control debuffs (excluding Airborne).,Activate to remove all crowd control debuffs,"['Active', 'SpellBlock']",850,True,1300,910,True,True,,2.0,,,,,,30.0,,,,,,,,,,,,,,,,,,,,,,,,,,,
Youmuu's Ghostblade,55 Attack Damage18 Lethality15 Ability HasteActive - Wraith Step: Gain Move Speed and Ghosting.Haunt: Gain Move Speed out of combat.Ghosted units ignore collision with other units.,Activate to greatly increase Move Speed,"['Damage', 'Active', 'NonbootsMovement', 'ArmorPenetration']",800,True,3000,2100,True,True,,3.0,,,,,,,45,18,0.2,0,55.0,,,,,6,,,40,,,,,,,,,,,,,,
Randuin's Omen,400 Health60 ArmorActive - Humility: Slow nearby enemies.Rock Solid: Reduce incoming damage from Attacks.Critical Resilience: Critical Strikes deal 20% less damage to you.,"Greatly increases defenses, activate to slow nearby enemies","['Health', 'Armor', 'Active', 'CooldownReduction', 'Slow', 'AbilityHaste']",1100,True,3000,2100,True,True,,3.0,400.0,,,,60.0,,,,,,,,,,,,,,,,,,,,,,,,,,,,
Hextech Alternator,25 Ability Power150 HealthRevved: Damaging a champion deals additional damage.,Increases Ability Power. Deal bonus magic damage on attack periodically.,"['Health', 'SpellDamage']",215,True,1050,735,True,True,,2.0,150.0,,25.0,,,,,,,,,,,,,,,,,,,,,,,,,,,,,,
Hextech Rocketbelt,"90 Ability Power6 Magic Penetration250 Health15 Ability HasteActive - Supersonic: Dash in target direction, unleashing an arc of magic missiles that deal damage. Then, gain Move Speed towards enemy champions.Mythic Passive: Grants all other Legendary items Magic Penetration.",Activate to dash forward and unleash a fiery explosion,"['Health', 'SpellDamage', 'Active', 'CooldownReduction', 'NonbootsMovement', 'MagicPenetration', 'AbilityHaste']",865,True,3200,2240,True,True,,3.0,250.0,,90.0,,,,,,,,,,,,,,,,,,,,,,,,,,,,,,
Blade of The Ruined King,40 Attack Damage25% Attack Speed8% Life StealMist's Edge: Attacks apply physical damage based off of the target's current Health. Siphon: Attacking a champion 3 times deals magic damage and steals Move Speed.Item performance differs for melee and ranged users.,"Deals damage based on target's Health, can steal Move Speed","['Damage', 'AttackSpeed', 'LifeSteal', 'Slow', 'OnHit', 'NonbootsMovement']",525,True,3300,2310,True,True,,3.0,,,,,,,,,,,40.0,0.25,0.08,,,,,,,,,,,,,,,,,,,,
Hexdrinker,"25 Attack Damage35 Magic ResistLifeline: Upon taking magic damage that would reduce Health below 30%, gain a magic damage Shield.",Increases Attack Damage and Magic Resist,"['Damage', 'SpellBlock']",500,True,1300,910,True,True,,2.0,,,,,,35.0,,,,,25.0,,,,,,,,,,,,,,,,,,,,,,
Maw of Malmortius,"55 Attack Damage50 Magic Resist20 Ability HasteLifeline: Upon taking magic damage that would reduce Health below 30%, gain a magic damage Shield. When Lifeline triggers, gain Omnivamp until the end of combat.  ",Grants bonus Attack Damage when Health is low,"['SpellBlock', 'Damage', 'CooldownReduction', 'AbilityHaste']",500,True,2900,2030,True,True,,3.0,,,,,,50.0,,,,,55.0,,,,,,,,,,,,,,,,,,,,,,
Zhonya's Hourglass,"80 Ability Power45 Armor15 Ability HasteActive - Stasis: You become Invulnerable and Untargetable for 2.5 seconds, but are prevented from taking any other actions during this time.",Activate to become invincible but unable to take actions,"['Armor', 'SpellDamage', 'Active', 'CooldownReduction', 'AbilityHaste']",350,True,3000,2100,True,True,,3.0,,,80.0,,45.0,,0,2.5,120,,,,,,,,,,,,,,,,,,,,,,,,
Ionian Boots of Lucidity,"20 Ability Haste45 Move SpeedGain 12 Summoner Spell Haste.''This item is dedicated in honor of Ionia's victory over Noxus in the Rematch for the Southern Provinces on 10 December, 20 CLE.'",Increases Move Speed and Cooldown Reduction,"['Boots', 'CooldownReduction']",650,True,950,665,True,True,45.0,2.0,,,,,,,,,,,,,,,,,,,,,,,,,,,,,,,,,
Spear Of Shojin,"65 Attack Damage300 Health20 Ability HasteDragonforce: Your Non-Ultimate spells gain (8 (+0.08 per 100 Bonus AD) | 6 (+0.06 per 100 Bonus AD)) Ability Haste, reduced to (4 (+0.04 per 100 Bonus AD) | 3 (+0.03 per 100 Bonus AD))) Ability Haste for Immobilizing spells.Exigency: Gain up to (0.15 | 0.1) increased move speed, based on your missing health (Maxed when below 33% Health).Item performance differs for melee and ranged users.",Reduce damage taken from champions by a flat amount. Attack while near multiple enemy champions to increase this amount for a short time.,"['Health', 'Damage', 'NonbootsMovement', 'AbilityHaste']",200,True,3400,2380,True,True,,3.0,300.0,,,,,,,,,,65.0,,,,,,,,,,,,,,,,,,,,,,
Morellonomicon,"90 Ability Power300 HealthAffliction: Dealing magic damage applies 25% Grievous Wounds to enemy champions for 3 seconds. If the target is below 50% Health, this effect is increased to 40% Grievous Wounds.Grievous Wounds reduces the effectiveness of Healing and Regeneration effects.",Increases magic damage,"['Health', 'SpellDamage']",450,True,2500,1750,True,True,,3.0,300.0,,90.0,,,,,,,,,,,,,,,,,,,,,,,,,,,,,,
Guardian's Blade,30 Attack Damage150 Health15 Ability HasteLegendary: This item counts as a Legendary item.,Good starting item for attackers,"['Health', 'Damage', 'Lane', 'AbilityHaste']",950,True,950,665,False,True,,,150.0,,,,,,10,,,,30.0,,,,,,,,,,,,,,,,,,,,,,
Umbral Glaive,"50 Attack Damage10 Lethality15 Ability HasteBlackout: When spotted by an enemy Ward, reveal traps and disable Wards around you. Your Attacks instantly kill revealed traps and do triple damage to Wards.",Provides trap and ward detection periodically,"['Damage', 'Vision', 'CooldownReduction', 'ArmorPenetration', 'AbilityHaste']",500,True,2300,1610,True,True,,3.0,,,,,,,10,8,40,,50.0,,,,,,,,,,,,,,,,,,,,,,
Hullbreaker,50 Attack Damage400 Health150% Base Health RegenBoarding Party: While no allied champions are nearby you gain Armor and Magic Resist and Attacks deal increased damage to towers. Nearby large minions gain Armor and Magic Resist and increased damage to towers. Boarding Party's resistances decay over 3 seconds when an ally gets too close.,,"['Health', 'SpellBlock', 'Armor', 'Damage']",825,True,2800,1960,True,True,,3.0,400.0,,,,,,,,,,50.0,,,,,,,,,,,,,,,,,,,,,,
Guardian's Hammer,25 Attack Damage150 Health7% Life StealLegendary: This item counts as a Legendary item.,Good starting item for attackers,"['Health', 'Damage', 'LifeSteal', 'Lane']",950,True,950,665,False,True,,,150.0,,,,,,,,,,25.0,,0.07,,,,,,,,,,,,,,,,,,,,
Locket of the Iron Solari,"200 Health20 Ability Haste30 Armor30 Magic ResistActive - Devotion: Grant nearby allies a Shield, decaying over time.Consecrate: Grant nearby allied champions Armor and Magic Resist. Mythic Passive: Grants all other Legendary items Armor and Magic Resist increase to Consecrate.",Activate to shield nearby allies from damage,"['Health', 'SpellBlock', 'Armor', 'Aura', 'Active', 'CooldownReduction', 'AbilityHaste']",500,True,2500,1750,True,True,,3.0,200.0,,,,30.0,30.0,,,,,,,,,,,,,,,,,,,,,,,,,,,
Seeker's Armguard,30 Ability Power15 ArmorWitch's Path: Killing a unit grants 0.5 Armor (max 15).,Increases Armor and Ability Power,"['Armor', 'SpellDamage']",265,True,1000,700,True,True,,2.0,,,30.0,,15.0,,0.5,15,,,,,,,,,,,,,,,,,,,,,,,,,
Gargoyle Stoneplate,60 Armor60 Magic Resist15 Ability HasteActive - Unbreakable: Gain a Shield that decays and grow in size.Fortify: Taking damage from a champion grants a stack of bonus Armor and bonus Magic Resist.Max 5 stacks; 1 per champion.,Greatly increases defense near multiple enemies.,"['SpellBlock', 'Armor', 'Active', 'CooldownReduction', 'AbilityHaste']",1250,True,3200,2240,True,True,,3.0,,,,,60.0,60.0,,,,,,,,,,,,,,,,,,,,,,,,,,,
Spectre's Cowl,"250 Health25 Magic ResistIncorporeal: After taking damage from a champion, Regenerate Health.",Improves defense and grants regeneration upon being damaged,"['Health', 'HealthRegen', 'SpellBlock']",400,True,1250,875,True,True,,2.0,250.0,,,,,25.0,,,,,,,,,,,,,,,,,,,,,,,,,,,
Mikael's Blessing,16% Heal and Shield Power50 Magic Resist15 Ability Haste100% Base Mana RegenActive - Purify: Restore Health and Remove all crowd control debuffs (except Knockups and Suppression) from an ally champion.,Activate to remove all disabling effects from an allied champion,"['SpellBlock', 'ManaRegen', 'Active', 'CooldownReduction', 'Tenacity', 'AbilityHaste']",600,True,2300,1610,True,True,,3.0,,,,,,50.0,,,,,,,,,,,,,,,,,,,,,,,,,,,
Scarecrow Effigy,"Active - Trinket: Places an effigy that appears exactly as Fiddlesticks does to enemies. Stores up to a maximum of 2 charges.Enemy champions approaching an effigy will activate it, causing the effigy to fake a random action, after which the effigy will fall apart.",Periodically place a Stealth Ward,"['Active', 'Jungle', 'Lane', 'Trinket', 'Vision']",0,True,0,0,True,True,,,,,,,,,90,240,120,120,,,,,,2,,,9,30,120,,,,,,,,,,,,FiddleSticks
Stealth Ward,Active - Trinket: Place a Stealth Ward on the ground that is Invisible to enemies but grants your team vision of the surrounding area. Stores up to 2 Stealth Wards.,Periodically place a Stealth Ward,"['Active', 'Jungle', 'Lane', 'Trinket', 'Vision']",0,True,0,0,True,False,,,,,,,,,90,240,120,120,,,,,,2,,,9,30,120,,,,,,,,,,,,
Farsight Alteration,"Active - Trinket: Reveals an area and places a visible, fragile Ward up to 4000 units away.",Grants increased range and reveals the targetted area,"['Active', 'Trinket', 'Vision']",0,True,0,0,True,True,,,,,,,,,4000,2,5,198,,,,,,60,,,9,30,120,,6.5,198,99,60,180,10,45,,,,
Oracle Lens,"Active - Trinket: Scans around you, warning against hidden enemy units, revealing invisible traps and revealing (and temporarily disabling) enemy Stealth Wards.",Disables nearby invisible wards and traps for a duration,"['Active', 'Trinket', 'Vision']",0,True,0,0,True,False,,,,,,,,,6,10,90,60,,,,,,0,,,1,30,120,,60,,,,,,,,,,
Ardent Censer,"60 Ability Power8% Heal and Shield Power100% Base Mana RegenSanctify: Healing or Shielding another ally enhances you both, granting Attack Speed and magic damage On-Hit. ",Shield and heal effects on other units grant both of you Attack Speed and their attacks deal additional on-hit magic damage.,"['AttackSpeed', 'SpellDamage', 'ManaRegen', 'OnHit']",630,True,2300,1610,True,True,,3.0,,,60.0,,,,,,,,,,,,,,,,,,,,,,,,,,,,,,
Essence Reaver,"45 Attack Damage20% Critical Strike Chance20 Ability HasteSpellblade: After using an Ability, your next Attack deals additional damage and restores Mana.",,"['Damage', 'CriticalStrike', 'ManaRegen', 'CooldownReduction', 'OnHit', 'AbilityHaste']",400,True,2800,1960,True,True,,3.0,,0.2,,,,,,,,,45.0,,,,,,,,,,,,,,,,,,,,,,
Kalista's Black Spear,"Active - Consume: Bind with an ally for the remainder of the game, becoming Oathsworn Allies. Oathsworn empowers you both while near one another.",Kalista's spear that binds an Oathsworn Ally.,['Consumable'],0,True,0,0,True,True,,,,,,,,,,,,,,,,,,,,,,,,,,,,,,,,,,,Kalista
Kalista's Black Spear,"Active - Consume: Bind with an ally for the remainder of the game, becoming Oathsworn Allies. Oathsworn empowers you both while near one another.Required to use Kalista's Ultimate Ability.",Kalista's spear that binds an Oathsworn Ally.,['Consumable'],0,True,0,0,True,True,,,,,,,,,,,,,,,,,,,,,,,,,,,,,,,,,,,Sylas
Dead Man's Plate,"300 Health45 Armor5% Move SpeedShipwrecker: While moving, build up  Move Speed. Your next Attack discharges built up Move Speed to deal damage. If dealt by a Melee champion at top speed, the Attack also Slows the target.''There's only one way you'll get this armor from me...'' - forgotten namesake",Build momentum as you move around then smash into enemies.,"['Health', 'Armor', 'Slow', 'NonbootsMovement']",900,True,2900,2030,True,True,,3.0,300.0,,,,45.0,,,,,,,,,,,,,,,,,0.05,,,,,,,,,,,
Titanic Hydra,"30 Attack Damage500 HealthColossus: Gain bonus Attack Damage based off of bonus Health.Cleave: Attacks apply additional damage On-Hit, creating a shockwave that deals damage to enemies behind the target.",Deals area of effect damage based on owner's health,"['Health', 'HealthRegen', 'Damage', 'OnHit']",800,True,3300,2310,True,True,,3.0,500.0,,,,,,0,40,0,0,30.0,,,,,0.1,,,0,0,0,,0,5,,,,,,,,,
Crystalline Bracer,200 Health100% Base Health Regen,Grants Health and Health Regen,"['Health', 'HealthRegen']",100,True,800,560,True,True,,2.0,200.0,,,,,,,,,,,,,,,,,,,,,,,,,,,,,,,,
Lost Chapter,"40 Ability Power300 Mana10 Ability HasteEnlighten: Upon levelling up, restores 20% max Mana over 3 seconds.",Restores Mana upon levelling up.,"['SpellDamage', 'Mana', 'ManaRegen', 'CooldownReduction', 'AbilityHaste']",80,True,1300,910,True,True,,2.0,,,40.0,300.0,,,,,,,,,,,,,,,,,,,,,,,,,,,,,
Catalyst of Aeons,"225 Health300 ManaEternity: Restore Mana equal to 8% of premitigation damage taken from champions, and Health equal to 20% of Mana spent, up to 15 Health per cast, per second.",,"['Health', 'HealthRegen', 'Mana', 'ManaRegen']",350,True,1100,770,True,True,,2.0,225.0,,,300.0,,,,,,,,,,,,,,,,,,,,,,,,,,,,,
Edge of Night,50 Attack Damage10 Lethality325 HealthAnnul: Gain a Spell Shield that blocks the next enemy Ability.Item's cooldown is restarted if you take damage before it is completed.,Periodically blocks enemy abilities,"['Health', 'Damage', 'ArmorPenetration']",1050,True,2900,2030,True,True,,3.0,325.0,,,,,,10,0,0,40,50.0,,,,,,,,,,,,,,,,,,,,,,
Spellthief's Edge,"8 Ability Power10 Health50% Base Mana Regen2 Gold Per 10 SecondsTribute: While nearby an ally champion, damaging Abilities and Attacks against champions or buildings grant 20 gold. This can occur up to 3 times every 30 seconds.Quest: Earn 500 gold from this item to transform it into Frostfang, gaining Active - Warding.This item grants reduced gold from minions if you kill excessive numbers of them.",Gain gold and upgrade by damaging enemy champions,"['Health', 'SpellDamage', 'ManaRegen', 'Vision', 'GoldPer', 'Lane']",400,True,400,160,True,False,,,10.0,,8.0,,,,2,20,20,500,,,,,,10,,,3,2000,,,,,,,,,,,,,
Steel Shoulderguards,"3 Attack Damage30 Health25% Base Health Regen2 Gold Per 10 SecondsSpoils of War: While nearby an allied champion, Attacks execute minions below (50% for Melee Users | 30% for Ranged Users) of their max Health. Killing a minion grants the same kill gold to the nearest allied champion. These effects recharge every 35 seconds (Max 3 charges).Quest: Earn 500 gold from this item to transform it into Runesteel Spaulders, gaining Active - Warding.This item grants reduced gold from minions if you kill excessive numbers of them.",Gain gold and upgrade by executing minions alongside allies,"['Health', 'HealthRegen', 'Damage', 'Vision', 'GoldPer', 'Lane']",400,True,400,160,True,False,,,30.0,,,,,,2,0.5,0.3,500,3.0,,,,,35,,,3,,,,,,,,,,,,,,
Relic Shield,"5 Ability Power30 Health25% Base Health Regen2 Gold Per 10 SecondsSpoils of War: While nearby an allied champion, Attacks execute minions below (50% for Melee Users | 30% for Ranged Users) of their max Health. Killing a minion grants the same kill gold to the nearest allied champion. These effects recharge every 35 seconds (Max 3 charges).Quest: Earn 500 gold from this item to transform it into Targon's Buckler, gaining Active - Warding.This item grants reduced gold from minions if you kill excessive numbers of them.",Gain gold and upgrade by executing minions alongside allies,"['Health', 'HealthRegen', 'SpellDamage', 'Vision', 'GoldPer', 'Lane']",400,True,400,160,True,False,,,30.0,,5.0,,,,2,0.5,0.3,500,,,,,,35,,,3,,,,,,,,,,,,,,
Spectral Sickle,"5 Attack Damage10 Health25% Base Mana Regen2 Gold Per 10 SecondsTribute: While nearby an ally champion, damaging Abilities and Attacks against champions or buildings grant 20 gold. This can occur up to 3 times every 30 seconds.Quest: Earn 500 gold from this item to transform it into Harrowing Crescent, gaining Active - Warding.This item grants reduced gold from minions if you kill excessive numbers of them.",Gain gold and upgrade by damaging enemy champions,"['Health', 'Damage', 'ManaRegen', 'Vision', 'GoldPer', 'Lane']",400,True,400,160,True,False,,,10.0,,,,,,2,20,20,500,5.0,,,,,10,,,3,2000,,,,,,,,,,,,,
Oblivion Orb,35 Ability PowerCursed: Dealing magic damage applies 25% Grievous Wounds to champions for 3 seconds.Grievous Wounds reduces the effectiveness of Healing and Regeneration effects.,Increases magic damage,['SpellDamage'],365,True,800,560,True,True,,2.0,,,35.0,,,,,,,,,,,,,,,,,,,,,,,,,,,,,,
Imperial Mandate,"40 Ability Power200 Health20 Ability Haste100% Base Mana RegenCoordinated Fire: Abilities that Slow or Immobilize a champion deal bonus damage and mark them. Ally champion damage detonates the mark, dealing additional damage and granting you both Move Speed. Mythic Passive: Grants all other Legendary items Ability Power. ",Defer damage until later.,"['Health', 'SpellDamage', 'ManaRegen', 'CooldownReduction', 'NonbootsMovement']",750,True,2500,1750,True,True,,3.0,200.0,,40.0,,,,,,,,,,,,,,,,,,,,,,,,,,,,,,
Force of Nature,"350 Health70 Magic Resist5% Move SpeedAbsorb: Taking magic damage from enemy Champions grants a stack of Steadfast. Enemy Immobilizing effects grant additional stacks.Dissipate: While at max stacks of Steadfast, take reduced magic damage and gain increased Move Speed.","Move Speed, Magic Resist, and max Health Regeneration","['Health', 'SpellBlock', 'NonbootsMovement']",800,True,2900,2030,True,True,,3.0,350.0,,,,,70.0,,,,,,,,,,,,,,,,0.05,,,,,,,,,,,
The Golden Spatula,70 Attack Damage120 Ability Power50% Attack Speed30% Critical Strike Chance250 Health30 Armor30 Magic Resist250 Mana20 Ability Haste10% Move Speed10% Life Steal100% Base Health Regen100% Base Mana RegenDoing Something: You are permanently On Fire!,It does EVERYTHING!,"['Health', 'SpellBlock', 'HealthRegen', 'Armor', 'Damage', 'CriticalStrike', 'AttackSpeed', 'LifeSteal', 'SpellDamage', 'Mana', 'ManaRegen', 'CooldownReduction', 'NonbootsMovement']",687,True,7187,5031,False,False,,3.0,250.0,0.3,120.0,250.0,30.0,30.0,,,,,70.0,0.5,0.1,,,,,,,,,0.1,,,,,,,,,,,
Horizon Focus,85 Ability Power150 Health15 Ability HasteHypershot: Damaging a champion with a non-targeted Ability at over 700 range or Slowing or Immobilizing them Reveals them and increases their damage taken from you.The Ability that triggers Hypershot also benefits from the damage increase. Pets and non-immobilizing traps do not trigger this effect. Only the initial placement of zone Abilities will trigger this effect. Distance is measured from the Ability cast position. ,Immobilizing a champion causes lightning to strike them,"['Health', 'SpellDamage', 'AbilityHaste']",1050,True,3000,2100,True,True,,3.0,150.0,,85.0,,,,,,,,,,,,,,,,,,,,,,,,,,,,,,
Cosmic Drive,65 Ability Power200 Health30 Ability Haste5% Move SpeedSpelldance: Damaging a champion with 3 separate Attacks or Spells grants Move Speed and Ability Power until exiting champion combat.,Massive amounts of Cooldown Reduction,"['Health', 'SpellDamage', 'CooldownReduction', 'NonbootsMovement', 'AbilityHaste']",850,True,3000,2100,True,True,,3.0,200.0,,65.0,,,,,,,,,,,,,,,,,,,0.05,,,,,,,,,,,
Blighting Jewel,25 Ability Power13% Magic Penetration,,"['MagicPenetration', 'SpellDamage']",815,True,1250,875,True,True,,2.0,,,25.0,,,,,,,,,,,,,,,,,,,,,,,,,,,,,,
Verdant Barrier,20 Ability Power25 Magic ResistAdaptive: Killing a unit grants 0.3 Magic Resist (max 9). ,,"['SpellBlock', 'SpellDamage']",115,True,1000,700,True,True,,2.0,,,20.0,,,25.0,,,,,,,,,,,,,,,,,,,,,,,,,,,
Riftmaker,"70 Ability Power300 Health15 Ability Haste7% OmnivampVoid Corruption: For each second damaging enemy champions, deal bonus damage. At maximum strength, the bonus damage is dealt as true damage instead. Mythic Passive: Grants all other Legendary items Omnivamp and Ability Power.",,"['Health', 'SpellDamage', 'CooldownReduction', 'SpellVamp', 'MagicPenetration', 'AbilityHaste']",1050,True,3200,2240,True,True,,3.0,300.0,,70.0,,,,,,,,,,,,,,,,,,,,,,,,,,,,,,
Leeching Leer,20 Ability Power250 Health5% Omnivamp,,"['Health', 'SpellDamage', 'SpellVamp']",465,True,1300,910,True,True,,2.0,250.0,,20.0,,,,,,,,,,,,,,,,,,,,,,,,,,,,,,
Night Harvester,90 Ability Power300 Health25 Ability HasteSoulrend: Damaging a champion deals additional magic damage and grants you Move Speed.Mythic Passive: Grants all other Legendary items Ability Haste.,,"['Health', 'SpellDamage', 'CooldownReduction', 'NonbootsMovement', 'AbilityHaste']",815,True,3200,2240,True,True,,3.0,300.0,,90.0,,,,,,,,,,,,,,,,,,,,,,,,,,,,,,
Demonic Embrace,75 Ability Power350 HealthAzakana Gaze: Dealing Ability damage burns enemies for max Health magic damage every second.Dark Pact: Gain bonus Health as Ability Power. ,,"['Health', 'SpellDamage']",815,True,3000,2100,True,True,,3.0,350.0,,75.0,,,,,,,,,,,,,,,,,,,,,,,,,,,,,,
Watchful Wardstone,"150 Health10 Ability HasteArcane Cache: This item can store up to 3 purchased Control Wards.After completing the Support Quest and reaching Level 13, transforms into Vigilant Wardstone.",,"['Health', 'Vision', 'Active', 'CooldownReduction', 'AbilityHaste']",1100,True,1100,770,True,False,,,150.0,,,,,,,,,,,,,,True,,,True,,,,,,,,,,,,,,,
Bandleglass Mirror,20 Ability Power10 Ability Haste50% Base Mana Regen,,"['SpellDamage', 'ManaRegen', 'CooldownReduction', 'AbilityHaste']",265,True,950,665,True,True,,2.0,,,20.0,,,,,,,,,,,,,,,,,,,,,,,,,,,,,,
Crown of the Shattered Queen,"70 Ability Power250 Health600 Mana20 Ability HasteDivine Safeguard: You are Safeguarded, reducing incoming champion damage. Safeguard persists for 1.5 seconds after taking champion damage. Holy Gift: While Safeguarded and for 3 seconds after it is broken, gain  Ability Power. Mythic Passive: Grants all other Legendary items Move Speed and Ability Power.",,"['Health', 'SpellDamage', 'Mana', 'NonbootsMovement', 'AbilityHaste']",265,True,2800,1960,True,True,,3.0,250.0,,70.0,600.0,,,,,,,,,,,,,,,,,,,,,,,,,,,,,
Shadowflame,"100 Ability Power200 HealthCinderbloom: Damage to champions benefits from additional Magic Penetration based on their current Health. If the target was recently affected by Shields, gain the maximum benefit against that target. ",,"['Health', 'SpellDamage', 'MagicPenetration']",700,True,3000,2100,True,True,,3.0,200.0,,100.0,,,,,,,,,,,,,,,,,,,,,,,,,,,,,,
Ironspike Whip,30 Attack DamageActive - Crescent: Deal damage to nearby enemies.,,"['Damage', 'Active']",225,True,1100,770,True,True,,2.0,,,,,,,,,,,30.0,,,,,,,,,,,,,,,,,,,,,,
Silvermere Dawn,40 Attack Damage300 Health40 Magic ResistActive - Quicksilver: Remove all crowd control debuffs and gain Tenacity and Slow Resistance.,,"['Health', 'SpellBlock', 'Damage', 'Active', 'Tenacity']",425,True,3000,2100,True,True,,3.0,300.0,,,,,40.0,0.5,1,90,,40.0,,,,,,,,,,,,,,,,,,,,,,
Death's Dance,55 Attack Damage45 Armor15 Ability HasteIgnore Pain: Damage taken is dealt to you over time instead.Defy: Champion takedowns cleanse Ignore Pain's remaining damage pool and restore Health over time.,,"['Armor', 'Damage', 'CooldownReduction', 'AbilityHaste']",525,True,3300,2310,True,True,,3.0,,,,,45.0,,,,,,55.0,,,,,,,,,,,,,,,,,,,,,,
Chempunk Chainsword,"55 Attack Damage250 Health25 Ability HasteHackshorn: Dealing physical damage applies 25% Grievous Wounds to enemy champions for 3 seconds. If the target is below 50% Health, this effect is increased to 40% Grievous Wounds.Grievous Wounds reduces the effectiveness of Healing and Regeneration effects.",,"['Health', 'Damage', 'CooldownReduction', 'AbilityHaste']",500,True,2800,1960,True,True,,3.0,250.0,,,,,,,,,,55.0,,,,,,,,,,,,,,,,,,,,,,
Staff of Flowing Water,50 Ability Power8% Heal and Shield Power100% Base Mana RegenRapids: Healing or Shielding another ally grants you both Ability Power and Ability Haste.,Your heals and shields reduce crowd control and grant Move Speed,"['SpellDamage', 'ManaRegen', 'AbilityHaste']",630,True,2300,1610,True,True,,3.0,,,50.0,,,,,,,,,,,,,,,,,,,,,,,,,,,,,,
Moonstone Renewer,"40 Ability Power200 Health20 Ability Haste100% Base Mana RegenStarlit Grace: When affecting champions with Attacks or Abilities in combat, restore Health to the most wounded nearby ally. Each second spent in combat with champions increases your Heal and Shield Power.Mythic Passive: Grants all other Legendary items an increase to Starlit Grace's Heal.",Your heals and shields cool down faster and have greater effect on low health allies,"['Health', 'SpellDamage', 'CooldownReduction']",750,True,2500,1750,True,True,,3.0,200.0,,40.0,,,,,,,,,,,,,,,,,,,,,,,,,,,,,,
Goredrinker,55 Attack Damage300 Health20 Ability Haste8% OmnivampActive - Thirsting Slash: Deal damage to nearby enemies. Restore Health for each champion hit.Mythic Passive: Grants all other Legendary items Ability Haste.,,"['Health', 'Damage', 'LifeSteal', 'Active', 'CooldownReduction', 'SpellVamp', 'AbilityHaste']",300,True,3300,2310,True,True,,3.0,300.0,,,,,,,,,,55.0,,,,,,,,,,,,,,,,,,,,,,
Stridebreaker,"50 Attack Damage20% Attack Speed300 Health20 Ability HasteActive - Halting Slash: Deal damage to nearby enemies, Slowing them. Can be cast while moving.Heroic Gait: Dealing physical damage grants Move Speed.Mythic Passive: Grants all other Legendary items Move Speed.",,"['Health', 'Damage', 'AttackSpeed', 'Active', 'CooldownReduction', 'Slow', 'NonbootsMovement', 'AbilityHaste']",400,True,3300,2310,True,True,,3.0,300.0,,,,,,0.5,0,90,0,50.0,0.2,,,,10,,,,,,,,,,,,,,,,,
Divine Sunderer,"40 Attack Damage300 Health20 Ability HasteSpellblade: After using an Ability, your next Attack is enhanced with additional damage On-Hit. If the target is a champion, also heal.Mythic Passive: Grants all other Legendary items Armor Penetration and Magic Penetration.",,"['Health', 'Damage', 'LifeSteal', 'CooldownReduction', 'OnHit', 'MagicPenetration', 'ArmorPenetration', 'AbilityHaste']",700,True,3300,2310,True,True,,3.0,300.0,,,,,,,,,,40.0,,,,,,,,,,,,,,,,,,,,,,
Liandry's Anguish,80 Ability Power600 Mana20 Ability HasteAgony: Deal bonus magic damage to Champions based on the target's bonus Health.Torment: Dealing damage with Abilities causes enemies to burn over time.Mythic Passive: Grants all other Legendary items Ability Haste.,"Charge up in combat to deal high damage over time, especially against durable enemies","['SpellDamage', 'Mana', 'CooldownReduction', 'AbilityHaste']",1000,True,3200,2240,True,True,,3.0,,,80.0,600.0,,,,,,,,,,,,,,,,,,,,,,,,,,,,,
Luden's Tempest,80 Ability Power6 Magic Penetration600 Mana20 Ability HasteEcho: Damaging Abilities deal magic damage to the target and 3 nearby enemies and grants you Move Speed. Dealing ability damage to Champions reduces this item's cooldown.Mythic Passive: Grants all other Legendary items Magic Penetration. ,"High burst damage, good against fragile foes","['SpellDamage', 'Mana', 'CooldownReduction', 'NonbootsMovement', 'MagicPenetration', 'AbilityHaste']",1050,True,3200,2240,True,True,,3.0,,,80.0,600.0,,,,,,,,,,,,,,,,,,,,,,,,,,,,,
Everfrost,"70 Ability Power250 Health600 Mana20 Ability HasteActive - Glaciate: Deal damage in a cone, Slowing enemies hit. Enemies at the center of the cone are Rooted instead.Mythic Passive: Grants all other Legendary items Ability Power. ",,"['Health', 'SpellDamage', 'Mana', 'Active', 'CooldownReduction', 'Slow', 'AbilityHaste']",265,True,2800,1960,True,True,,3.0,250.0,,70.0,600.0,,,,,,,,,,,,,,,,,,,,,,,,,,,,,
Rod of Ages,"60 Ability Power300 Health400 ManaThis item gains 20 Health, 20 Mana and 4 Ability Power every 60 seconds up to 10 times, for a maximum of 200 Health, 200 Mana,  and 40 Ability Power. Upon reaching max stacks, gain a level and all effects of Eternity are increased by 50%.Eternity: Restore Mana equal to 8% of premitigation damage taken from champions, and Health equal to 20% of Mana spent, up to 15 Health per cast, per second. For every 250 Health or Mana restored this way, gain 25% Decaying Move Speed for 2 seconds.Mythic Passive: Grants all other Legendary items 5 Ability Haste",,"['Health', 'HealthRegen', 'SpellDamage', 'Mana', 'ManaRegen', 'CooldownReduction', 'AbilityHaste']",415,True,2800,1960,True,True,,3.0,300.0,,60.0,400.0,,,,,,,,,,,,,,,,,,,,,,,,,,,,,
Bami's Cinder,300 HealthImmolate : Taking or dealing damage causes you to begin dealing magic damage per second to nearby enemies (increased against minions and monsters).,,['Health'],200,True,1000,700,True,True,,2.0,300.0,,,,,,,,,,,,,,,,,,,,,,,,,,,,,,,,
Iceborn Gauntlet,"400 Health50 Armor20 Ability HasteSpellblade: After using an Ability, your next Attack is enhanced with additional damage and creates a frost field for 2.5s. Enemies that move across the field are Slowed. Your primary target is crippled, applying a 100% stronger slow on them and reducing their damage by 10% against you for 2.5s. (1.5s ).Mythic Passive: Grants all other Legendary items 50 Health, 5% Tenacity, and 5% Slow Resist.","High Magic Resist.Passively slow nearby enemies. When spells are cast near you, release a wave of energy that damages and slows.","['Health', 'Armor', 'CooldownReduction', 'Slow', 'AbilityHaste']",700,True,3000,2100,True,True,,3.0,400.0,,,,50.0,,,,,,,,,,,,,,,,,,,,,,,,,,,,
Turbo Chemtank,500 Health50 Magic Resist10 Ability HasteActive - Supercharged: Grants Move Speed towards enemies or enemy turrets. Once near an enemy (or after 4 seconds) a shockwave is emitted that Slows nearby champions.,Immobilize enemies to gain a shield. Activate to run faster at opponents.,"['Health', 'SpellBlock', 'Active', 'CooldownReduction', 'Slow', 'NonbootsMovement', 'MagicResist', 'AbilityHaste']",700,True,2800,1960,True,True,,3.0,500.0,,,,,50.0,,,,,,,,,,,,,,,,,,,,,,,,,,,
"Jak'Sho, The Protean","400 Health30 Armor30 Magic Resist20 Ability HasteVoidborn Resilience: For each second in champion combat gain a stack granting 3 Armor and Magic Resist, up to 8 stacks max. At max stacks become empowered, instantly draining enemies around you for 3% of your max health as magic damage and healing you for the same amount (reduced to 1% against minions and monsters). Your resists are increased by 15% until end of combat.Mythic Passive: Grants all other Legendary items 5 Armor and Magic Resist.",,"['Health', 'SpellBlock', 'Armor', 'CooldownReduction', 'MagicResist', 'AbilityHaste']",600,True,3000,2100,True,True,,3.0,400.0,,,,30.0,30.0,,,,,,,,,,,,,,,,,,,,,,,,,,,
Radiant Virtue,"400 Health30 Armor30 Magic Resist20 Ability HasteGuiding Light: Upon casting your Ultimate you Transcend, increasing your Max Health by 10% for 9s. While Transcended you and allies within 1200 range of you gain 20 non-ultimate Ability Haste and heal for 2% of your max health every 3 seconds, increased by up to 100% based on that champion's missing Health (60s ).Mythic Passive: Grants all other Legendary items 100 Health.",,"['Health', 'SpellBlock', 'Armor', 'Aura', 'CooldownReduction', 'AbilityHaste']",600,True,3000,2100,True,True,,3.0,400.0,,,,30.0,30.0,,,,,,,,,,,,,,,,,,,,,,,,,,,
Noonquiver,30 Attack Damage15% Attack SpeedPrecision: Attacks deal additional damage to Minions and Monsters.,,"['Damage', 'AttackSpeed']",300,True,1300,910,True,True,,2.0,,,,,,,,,,,30.0,0.15,,,,,,,,,,,,,,,,,,,,,
Galeforce,"60 Attack Damage20% Attack Speed20% Critical Strike ChanceActive - Cloudburst: Dash in target direction, firing three missiles at the lowest Health enemy near your destination. Deals damage, increased against low Health targets.Mythic Passive: Grants all other Legendary items Move Speed.",,"['Damage', 'CriticalStrike', 'AttackSpeed', 'Active', 'NonbootsMovement']",625,True,3400,2380,True,True,,3.0,,0.2,,,,,,,,,60.0,0.2,,,,,,,,,,,,,,,,,,,,,
Kraken Slayer,65 Attack Damage25% Attack Speed20% Critical Strike ChanceBring It Down: Every third Attack deals additional true damage.Mythic Passive: Grants all other Legendary items Attack Speed.,,"['Damage', 'CriticalStrike', 'AttackSpeed', 'ArmorPenetration']",625,True,3400,2380,True,True,,3.0,,0.2,,,,,,,,,65.0,0.25,,,,,,,,,,,,,,,,,,,,,
Immortal Shieldbow,"50 Attack Damage20% Attack Speed20% Critical Strike Chance7% Life StealLifeline: When taking damage that would reduce you below 30% Health, gain a Shield. In addition, gain Attack Damage.Mythic Passive: Grants all other Legendary items Attack Damage and Health.",,"['Health', 'Damage', 'CriticalStrike', 'AttackSpeed', 'LifeSteal']",600,True,3400,2380,True,True,,3.0,,0.2,,,,,,,,,50.0,0.2,0.07,,,,,,,,,,,,,,,,,,,,
Navori Quickblades,"60 Attack Damage20% Critical Strike Chance20 Ability HasteTranscendence:  If you have at least 60% Critical Strike Chance, your Attacks reduce your non-Ultimate Ability cooldowns.Impermanence: Your abilities deal increased damage based on Critical Strike Chance.",,"['Damage', 'CriticalStrike', 'CooldownReduction', 'AbilityHaste']",825,True,3400,2380,True,True,,3.0,,0.2,,,,,0.5,1,90,,60.0,,,,,,,,,,,,,,,,,,,,,,
The Collector,55 Attack Damage20% Critical Strike Chance12 LethalityDeath and Taxes: Dealing damage that would leave an enemy champion below 5% Health executes them. Champion kills grant an additional 25 gold.,,"['Damage', 'CriticalStrike', 'ArmorPenetration']",425,True,3000,2100,True,True,,3.0,,0.2,,,,,,,,,55.0,,,,,,,,,,,,,,,,,,,,,,
Rageknife,25% Attack SpeedWrath: Your Critical Strike Chance is converted into On-Hit damage. Gain 35 On-Hit for each 20% Critical Strike Chance converted.,,"['AttackSpeed', 'OnHit']",200,True,800,560,True,True,,2.0,,,,,,,,,,,,0.25,,,,,,,,,,,,,,,,,,,,,
Duskblade of Draktharr,"60 Attack Damage18 Lethality20 Ability HasteNightstalker: Attacking a champion deals additional damage. If dealt by a Melee champion, this Attack also Slows the target.  When a champion that you have damaged within the last 3 seconds dies, this cooldown is refreshed and you become Invisible.Mythic Passive: Grants all other Legendary items Ability Haste and Move Speed.",,"['Damage', 'Stealth', 'CooldownReduction', 'Slow', 'NonbootsMovement', 'ArmorPenetration', 'AbilityHaste']",900,True,3100,2170,True,True,,3.0,,,,,,,,,,,60.0,,,,,,,,,,,,,,,,,,,,,,
Eclipse,"60 Attack Damage12 Lethality7% OmnivampEver Rising Moon: Hitting a champion with 2 separate Attacks or Abilities within 1.5 seconds deals additional damage, grants you Move Speed and a Shield.Mythic Passive: Grants all other Legendary items Armor Penetration and Move Speed.",,"['Damage', 'LifeSteal', 'SpellVamp', 'NonbootsMovement', 'ArmorPenetration']",750,True,3100,2170,True,True,,3.0,,,,,,,,,,,60.0,,,,,,,,,,,,,,,,,,,,,,
Prowler's Claw,"60 Attack Damage18 Lethality20 Ability HasteActive - Sandswipe: Dash through target enemy champion, dealing damage. You deal increased damage to the target.Mythic Passive: Grants all other Legendary items Lethality and Move Speed.",,"['Damage', 'Active', 'CooldownReduction', 'NonbootsMovement', 'ArmorPenetration', 'AbilityHaste']",900,True,3100,2170,True,True,,3.0,,,,,,,,,,,60.0,,,,,,,,,,,,,,,,,,,,,,
Serylda's Grudge,45 Attack Damage30% Armor Penetration20 Ability HasteBitter Cold: Damaging Abilities Slow enemies.,,"['Damage', 'CooldownReduction', 'ArmorPenetration', 'AbilityHaste']",650,True,3200,2240,True,True,,3.0,,,,,,,,,,,45.0,,,,,,,,,,,,,,,,,,,,,,
Serpent's Fang,"55 Attack Damage12 LethalityShield Reaver: Dealing damage to an enemy champion reduces any shields they gain. When you damage an enemy who is unaffected by Shield Reaver, reduce all shields on them.Item performance differs for melee and ranged users.",,"['Damage', 'ArmorPenetration']",625,True,2600,1820,True,True,,3.0,,,,,,,,,,,55.0,,,,,,,,,,,,,,,,,,,,,,
Axiom Arc,"55 Attack Damage10 Lethality25 Ability HasteFlux: Whenever a Champion dies within 3 seconds of you having damaged them, refund 20% of your Ultimate Ability's total cooldown.",,"['Damage', 'ArmorPenetration', 'AbilityHaste']",800,True,3000,2100,True,True,,3.0,,,,,,,,,,,55.0,,,,,,,,,,,,,,,,,,,,,,
Anathema's Chains,"650 Health20 Ability HasteActive - Vow: Choose a Nemesis to start building a Vendetta (90s).Vendetta: Take reduced damage from your Nemesis, increasing per Vendetta stack. You gain stacks over time, and reach the maximum number of stacks after 60 seconds.Vengeance: At maximum stacks, your Nemesis has reduced Tenacity while near you.Active can be cast while dead and at global range. Stacks reset upon choosing a new target. Cannot be cast for 15 seconds while in-combat with champions.""She swore to dedicate her life to his destruction. The gauntlets heard.""",,"['Health', 'Active', 'CooldownReduction', 'AbilityHaste']",800,True,2500,1750,True,True,,3.0,650.0,,,,,,,,,,,,,,,,,,,,,,,,,,,,,,,,
Abyssal Mask,"500 Health300 Mana40 Magic Resist10 Ability HasteEternity: Restore Mana equal to 8% of premitigation damage taken from champions, and Health equal to 20% of Mana spent, up to 15 Health per cast, per second.Unmake: Curse nearby enemy champions, reducing their Magic Resist. For each Cursed enemy, gain Magic Resist.",,"['Health', 'SpellBlock', 'HealthRegen', 'Mana', 'ManaRegen', 'CooldownReduction', 'MagicPenetration', 'MagicResist', 'AbilityHaste']",650,True,3000,2100,True,True,,3.0,500.0,,,300.0,,40.0,,,,,,,,,,,,,,,,,,,,,,,,,,,
